Word,Count
mr,523
and,9351
dursley,131
of,6076
number,346
four,94
privet,23
drive,43
were,1182
proud,16
to,7798
say,322
that,3484
they,1472
perfectly,13
normal,21
thank,74
you,3044
very,557
much,324
the,14463
last,289
people,219
youd,56
expect,32
be,1732
involved,6
in,4221
anything,211
strange,106
or,614
mysteriou,14
because,200
just,509
didnt,350
hold,69
with,2023
such,234
nonsense,12
wa,4092
a,8608
firm,9
called,119
which,746
made,306
drill,7
he,5324
big,83
man,268
hardly,63
any,367
neck,65
although,27
did,438
have,1471
large,157
mustache,8
thin,54
had,2262
nearly,117
twice,32
usual,71
amount,12
came,411
useful,21
she,1201
spent,21
so,1456
her,1391
time,694
craning,5
over,656
garden,26
on,2178
neighbor,5
small,115
son,47
dudley,176
their,591
opinion,13
there,1258
no,830
boy,166
anywhere,28
everything,93
wanted,123
but,1930
also,72
secret,86
greatest,17
fear,167
somebody,10
would,613
discover,5
it,4527
think,490
could,805
bear,32
if,1036
anyone,84
found,248
out,1150
about,606
potter,239
sister,34
hadnt,99
met,66
for,2168
several,55
fact,78
pretended,7
good,372
nothing,204
husband,49
possible,44
shuddered,11
what,1173
arrived,47
street,48
knew,233
too,403
never,350
even,407
seen,185
him,1837
thi,1024
another,191
reason,63
keeping,33
want,261
child,63
like,635
when,1053
woke,38
up,1149
dull,15
gray,35
our,466
story,43
start,69
cloudy,5
sky,40
outside,104
suggest,8
thing,441
soon,88
happening,19
all,1780
country,22
picked,28
hi,3325
most,141
boring,9
tie,10
work,196
away,322
happily,18
screaming,9
into,773
high,105
chair,58
none,60
them,1067
noticed,70
owl,87
past,107
window,212
at,2280
half,148
eight,24
cheek,29
tried,157
kis,17
bye,18
missed,16
now,697
having,61
throwing,19
wall,154
little,265
left,227
house,275
got,521
car,122
backed,18
corner,80
first,303
sign,71
something,341
peculiar,10
cat,65
reading,33
map,13
second,138
realize,24
then,815
jerked,14
head,358
around,354
look,442
again,419
standing,72
wasnt,139
sight,97
been,802
thinking,61
must,508
trick,9
light,151
blinked,13
stared,68
back,769
drove,27
road,46
watched,51
mirror,60
said,2522
looking,320
couldnt,167
read,145
gave,148
himself,231
shake,14
put,200
mind,183
toward,176
town,26
thought,329
except,70
order,43
hoping,18
get,496
day,319
edge,53
driven,12
by,774
else,101
sat,142
morning,141
traffic,6
help,153
noticing,18
seemed,343
lot,96
strangely,17
dressed,17
cloak,86
who,685
funny,53
clothe,22
saw,344
young,67
supposed,34
some,529
stupid,33
new,178
fashion,12
finger,66
steering,10
wheel,21
eye,462
fell,133
these,163
quite,156
close,103
whispering,8
excitedly,13
together,108
see,693
couple,20
werent,44
why,230
older,9
than,386
wearing,43
an,661
emerald,10
green,70
nerve,26
struck,36
probably,39
silly,7
obviously,24
collecting,6
ye,146
moved,71
few,172
minute,137
later,152
alway,130
office,53
floor,149
might,246
harder,18
swooping,5
broad,14
daylight,11
though,388
down,565
pointed,79
gazed,9
open,213
mouthed,6
after,322
sped,17
overhead,24
however,160
free,61
yelled,39
five,76
different,50
important,33
telephone,10
call,87
shouted,74
bit,129
more,552
mood,20
until,121
hed,198
stretch,8
leg,65
walk,44
acros,96
buy,31
from,1074
forgotten,39
passed,86
group,14
next,209
eyed,15
angrily,23
know,790
uneasy,10
bunch,8
single,25
way,414
clutching,18
bag,65
caught,88
word,191
saying,112
right,349
i,7409
heard,241
harry,2975
stopped,105
dead,145
flooded,6
looked,478
better,159
dashed,17
hurried,54
snapped,42
not,1705
disturb,12
seized,43
almost,147
finished,51
home,128
changed,26
stroked,6
being,144
unusual,15
name,105
sure,134
come,535
point,119
upset,33
mention,18
blame,10
same,154
those,123
afternoon,40
building,11
oclock,19
still,318
worried,26
walked,98
straight,73
someone,89
door,448
sorry,61
grunted,11
tiny,38
old,281
stumbled,7
before,432
realized,38
violet,7
seem,178
knocked,41
ground,123
face,427
split,13
wide,64
smile,73
voice,236
stare,18
dont,293
my,1396
dear,249
sir,164
me,1782
today,91
ha,413
gone,147
muggle,114
yourself,39
should,234
celebrating,5
happy,64
hugged,5
middle,29
off,502
stood,154
spot,29
complete,22
stranger,25
whatever,38
rattled,7
set,122
imagining,6
hoped,14
imagination,9
pulled,118
spotted,22
sitting,79
loudly,58
move,74
stern,17
wondered,27
trying,145
pull,24
let,308
determined,22
wife,43
nice,44
told,310
dinner,55
problem,16
daughter,13
how,483
learned,30
act,37
normally,5
bed,187
went,412
living,29
room,412
catch,50
report,25
evening,63
finally,49
bird,38
everywhere,17
reported,14
nation,5
unusually,5
hunt,15
night,286
are,748
ever,234
hundred,69
flying,44
every,159
direction,37
since,116
sunrise,23
unable,15
explain,34
suddenly,162
sleeping,34
allowed,29
grin,12
weather,13
going,300
tonight,105
well,509
only,471
acting,9
far,143
apart,23
tell,336
instead,44
rain,18
promised,9
yesterday,32
theyve,11
shooting,12
perhap,79
early,43
week,78
can,525
promise,33
wet,17
frozen,5
armchair,11
star,21
place,219
whisper,31
carrying,32
two,295
cup,37
tea,45
cleared,19
throat,52
nervously,28
er,48
petunia,87
havent,54
your,587
lately,12
expected,45
shocked,20
angry,41
sharply,21
stuff,38
mumbled,9
maybe,47
do,751
crowd,70
through,470
lip,82
whether,38
dared,13
decided,29
dare,39
casually,7
age,47
wouldnt,86
suppose,85
stiffly,7
isnt,38
nasty,23
common,77
ask,140
oh,289
heart,181
sinking,14
horribly,13
agree,11
subject,41
upstair,26
while,154
bathroom,40
crept,15
bedroom,20
peered,16
front,141
staring,60
waiting,66
pair,47
asleep,71
quickly,125
lay,99
awake,42
turning,49
comforting,7
near,73
kind,89
mixed,10
turned,224
affect,6
wrong,62
drifting,7
sleep,213
showing,24
statue,16
fixed,40
quiver,7
slammed,15
nor,39
swooped,15
midnight,28
appeared,45
watching,59
silently,18
tail,30
twitched,7
narrowed,6
tall,30
silver,62
hair,112
beard,19
both,151
long,312
enough,139
belt,9
robe,81
purple,25
swept,35
boot,14
blue,37
bright,57
behind,217
moon,30
spectacle,6
nose,92
crooked,8
broken,61
least,64
albu,18
dumbledore,317
where,399
busy,23
other,391
end,181
chuckled,9
muttered,50
known,40
inside,116
pocket,51
flicked,8
held,103
air,120
clicked,13
nearest,16
lamp,46
pop,7
flickered,6
darkn,42
twelve,32
outer,6
whole,138
distance,19
beady,5
able,108
slipped,25
moment,204
spoke,109
fancy,12
seeing,42
here,480
professor,499
mcgonagall,191
smiling,34
rather,59
woman,70
square,11
glasse,48
exactly,63
shape,22
one,917
black,149
drawn,23
tight,22
distinctly,7
ruffled,6
asked,232
ive,155
sit,48
stiff,12
brick,5
dozen,15
feast,26
partie,6
sniffed,6
everyone,106
impatiently,11
theyd,50
careful,31
dursleys,13
dark,215
theyre,70
completely,23
bound,24
notice,41
ill,122
bet,34
diggle,5
sense,30
cant,119
gently,28
weve,80
preciou,13
eleven,22
year,208
irritably,6
lose,34
rumor,10
threw,77
sharp,45
sideway,13
glance,18
fine,36
disappeared,35
u,535
really,146
certainly,37
we,1710
care,75
lemon,8
drop,28
sweet,72
im,229
fond,7
coldly,12
surely,33
person,43
proper,12
voldemort,63
keep,172
frightened,20
sounding,13
youre,125
calmly,15
power,92
will,587
noble,24
use,85
lucky,19
madam,158
pomfrey,43
liked,21
earmuff,7
shot,44
reached,89
anxiou,32
discus,5
real,45
cold,95
hard,120
neither,27
piercing,10
plain,8
believe,119
true,77
answer,72
pressed,23
hollow,17
find,212
lily,8
jame,5
bowed,25
gasped,33
shoulder,81
heavily,20
trembled,11
kill,69
somehow,38
broke,39
nodded,39
done,191
killed,30
stop,104
heaven,13
gu,23
may,385
handkerchief,7
beneath,22
great,286
took,312
golden,29
watch,93
examined,11
odd,41
hand,495
planet,5
moving,54
hagrid,531
late,83
id,65
bring,45
aunt,90
uncle,164
family,62
mean,155
live,72
cried,47
jumping,10
feet,151
pointing,53
l,53
mother,78
best,110
firmly,9
written,50
letter,183
repeated,17
faintly,9
understand,74
hell,44
famou,40
legend,11
surprised,31
future,14
book,186
world,90
seriously,8
top,85
turn,72
talk,83
wont,56
remember,100
growing,33
ready,112
take,250
opened,149
mouth,102
swallowed,13
course,138
getting,101
hiding,19
underneath,19
bringing,14
wise,14
trust,58
this,17
life,191
pretend,10
doe,100
low,70
rumbling,7
sound,100
silence,84
grew,55
steadily,5
louder,15
swelled,7
roar,12
huge,46
motorcycle,10
landed,25
simply,52
wild,59
bushy,9
hid,11
size,34
trash,5
lid,18
leather,7
baby,15
vast,12
arm,146
holding,69
bundle,14
blanket,13
relieved,14
borrowed,6
giant,36
climbing,7
carefully,37
lent,5
destroyed,12
started,127
bent,46
forward,89
visible,16
fast,49
under,153
jet,12
forehead,57
curiously,11
shaped,6
cut,44
bolt,18
lightning,14
whispered,73
scar,45
forever,16
myself,131
above,50
knee,46
perfect,16
london,76
underground,12
give,133
wed,30
shaggy,5
howl,12
dog,78
hissed,23
youll,51
wake,50
s,8
sobbed,8
taking,87
c,10
stand,67
poor,184
ter,108
sad,34
grip,10
patting,8
stepped,58
laid,43
tucked,10
full,148
three,192
shook,63
furiously,25
twinkling,6
usually,29
shone,17
busin,40
staying,11
go,541
join,22
yeah,39
muffled,12
bike,5
wiping,12
streaming,6
jacket,9
sleeve,17
swung,27
onto,101
kicked,17
engine,13
rose,56
shall,381
nodding,12
blew,16
reply,17
once,286
ball,30
glowed,5
orange,10
make,274
step,72
luck,20
murmured,13
heel,6
breeze,8
neat,8
hedge,11
silent,57
happen,45
rolled,24
without,186
waking,19
closed,66
beside,53
slept,33
knowing,27
special,28
woken,9
scream,24
milk,6
bottle,35
spend,9
meeting,23
lived,21
glas,54
ten,68
sun,72
lit,43
bras,11
photograph,12
mantelpiece,8
showed,40
ago,57
picture,25
pink,32
colored,5
longer,27
blond,6
fair,27
playing,22
computer,5
game,38
father,82
kissed,20
yet,208
shrill,5
noise,56
walking,40
kitchen,36
frying,6
pan,5
dream,50
feeling,82
bacon,12
burn,8
birthday,27
groaned,15
slowly,55
sock,18
pulling,30
spider,65
used,72
cupboard,32
stair,45
hall,120
table,122
hidden,34
present,76
gotten,20
television,12
racing,15
mystery,18
fat,36
hated,12
exercise,6
unl,33
favorite,23
often,27
smaller,7
wear,12
bigger,8
wore,15
round,122
tape,5
own,236
appearance,10
question,68
asking,26
crash,24
parent,33
died,55
rule,29
quiet,61
vernon,156
entered,45
barked,10
newspaper,13
needed,32
rest,143
clas,68
difference,16
egg,25
thick,52
smoothly,9
angel,8
pig,9
plate,27
difficult,29
meanwhile,9
counting,9
thirty,13
six,38
darling,7
seven,39
red,120
coming,170
began,151
case,92
danger,48
nine,37
grabbed,27
parcel,14
money,34
worth,26
rang,23
camera,17
control,18
sixteen,7
ripping,5
paper,78
gold,55
bad,83
figg,8
horror,53
leap,8
friend,254
adventure,17
park,11
mad,56
lady,37
smelled,7
cabbage,6
shed,26
owned,9
ought,11
feel,124
easy,35
reminded,18
snowy,10
suggested,16
hate,27
slug,19
vacation,6
leave,122
hopefully,9
change,55
snarled,16
blow,20
listening,26
zoo,10
alone,115
cry,29
crying,24
screwed,6
wailed,6
t,15
between,102
sob,17
gap,12
lord,98
frantically,11
pier,37
rat,28
hit,49
pretending,15
hour,124
taken,90
aside,20
warning,28
putting,31
christma,39
honestly,13
happened,84
telling,59
tired,36
short,40
bald,9
bang,15
hide,18
horrible,48
laughed,30
school,184
already,116
given,78
grown,20
force,35
sweater,16
puff,8
become,41
fitted,7
fit,24
wash,6
relief,25
punished,7
terrible,99
trouble,97
roof,15
gang,8
chasing,5
surprise,44
chimney,6
received,20
locked,47
jump,18
wind,50
somewhere,59
complained,6
complain,6
bank,19
roaring,8
along,120
maniac,6
remembering,6
crashed,10
seat,83
gigantic,11
fly,38
wished,24
talking,73
shouldnt,17
matter,98
dangerou,29
idea,88
sunny,5
saturday,13
crowded,14
familie,15
bought,22
chocolate,20
ice,22
cream,11
entrance,39
van,284
hurry,36
either,78
licking,6
scratching,6
starting,29
bored,5
animal,23
fall,37
hitting,11
ate,7
glory,6
finish,15
felt,183
afterward,18
lunch,19
cool,12
sort,137
snake,54
slithering,7
wood,122
stone,141
poisonou,6
wrapped,10
body,76
crushed,5
against,136
brown,21
coil,5
tapped,10
ordered,8
knuckle,8
moaned,14
shuffled,6
tank,6
intently,8
itself,39
company,10
worse,39
visitor,5
visit,36
raised,78
level,17
winked,6
ceiling,46
hear,171
anyway,47
boa,7
constrictor,7
brazil,5
youve,80
shout,15
doing,107
rib,8
leaning,15
leapt,28
vanished,19
rapidly,6
throughout,8
screamed,17
running,46
exit,6
slid,27
swiftly,10
hissing,11
keeper,17
shock,54
kept,118
strong,57
snap,12
bitten,7
death,96
worst,26
waited,48
safely,14
speak,114
managed,41
stay,79
meal,8
collapsed,6
run,66
brandy,10
wishing,13
risk,15
sneaking,9
food,28
miserable,10
sometime,33
strained,7
memory,29
during,32
blinding,6
flash,12
burning,18
pain,68
imagine,23
forbidden,18
younger,9
dreamed,7
unknown,11
hat,104
shopping,5
rushed,28
shop,42
buying,7
waved,20
merrily,7
coat,25
actually,21
shaken,8
closer,33
everybody,14
nobody,30
escape,28
punishment,10
summer,27
holiday,21
crossed,26
glad,51
escaping,6
visited,11
leader,7
wandering,16
ray,14
hope,103
september,60
private,14
smelting,12
public,7
toilet,30
practice,30
sick,30
ran,79
july,24
uniform,7
leaving,47
tripping,5
cake,23
tasted,5
flat,19
carried,31
stick,19
each,138
teacher,69
training,14
gruffly,5
burst,39
tear,53
ickle,5
handsome,8
cracked,9
laugh,46
k,15
smell,36
breakfast,49
metal,12
sink,19
dirty,14
water,81
bowl,12
itll,26
argue,13
skin,23
wrinkled,5
banged,7
click,6
mail,19
dodged,5
envelope,34
bill,17
band,14
relative,7
belong,10
library,47
rude,12
note,74
addressed,9
h,8
heavy,69
parchment,24
addr,12
ink,23
stamp,9
trembling,23
wax,6
seal,6
bearing,13
lion,6
eagle,6
surrounding,6
checking,7
joke,18
handed,36
yellow,18
ripped,10
disgust,6
informed,6
dad,44
whod,11
writing,37
sneered,11
shaking,43
glancing,13
faster,8
within,46
white,145
porridge,8
p,34
grab,13
reach,25
line,56
faint,23
clutched,11
choking,6
goodn,15
seeming,7
ignored,13
tap,14
mine,39
croaked,9
stuffing,7
roared,21
scruff,5
furiou,16
fight,28
listen,37
won,35
dangling,12
ear,107
stomach,25
crack,25
quivering,10
possibly,24
following,22
wildly,15
write,69
shiny,7
shoe,16
ignore,6
swear,17
squeezed,8
mistake,19
shortly,17
burned,16
deep,68
breath,59
forced,21
painful,14
trip,7
month,31
lying,55
working,32
foot,41
program,5
shelf,8
shelve,10
touched,32
downstair,17
need,145
sighed,17
stretched,18
purpose,39
thrown,22
greenhouse,14
bitterly,6
darkly,13
banging,7
smallest,6
confused,9
fighting,14
straightened,9
gasping,6
meant,40
try,111
fail,21
plan,25
alarm,7
clock,19
mustnt,7
stole,11
wait,85
hammered,5
squashy,6
clearly,28
making,84
miserably,12
lap,11
tearing,8
piece,35
stayed,13
explained,20
nail,13
deliver,5
theyll,20
thatll,6
knock,25
brought,61
friday,6
pushed,33
side,144
hammer,7
tiptoe,6
worked,28
jumped,41
twenty,32
post,30
earth,64
badly,7
amazement,12
cheerfully,14
spread,14
marmalade,5
forty,5
pelting,5
fireplace,12
bullet,6
ducked,8
waist,6
shut,82
pack,17
missing,15
wrenched,8
speeding,8
sport,5
opposite,22
em,15
whenever,12
eat,44
drink,25
howling,30
hungry,18
blowing,7
gloomy,8
hotel,13
city,5
twin,31
damp,20
sheet,12
windowsill,5
passing,23
wondering,24
toast,9
owner,15
desk,45
dining,18
forest,66
field,48
halfway,18
bridge,7
hasnt,16
parked,5
coast,6
beat,32
count,129
tomorrow,54
fun,16
package,21
rock,39
sea,55
perched,9
certain,37
storm,28
clapping,6
gentleman,12
kindly,13
agreed,26
boat,40
wicked,8
bobbing,7
iron,20
below,44
aboard,7
icy,8
whipped,10
slipping,6
sliding,5
led,35
strongly,8
wooden,21
empty,65
fire,105
eh,19
chance,73
reaching,6
cheer,25
wave,20
hut,20
fierce,21
filthy,8
moth,5
eaten,13
sofa,27
lumpy,7
ragged,7
shivered,9
comfortable,7
hunger,5
drowned,8
roll,19
thunder,12
lighted,5
wrist,17
nearer,32
creak,6
steal,14
crunching,5
upright,5
knocking,19
key,77
cannon,5
stupidly,6
warn,12
armed,11
pause,36
clean,20
hinge,7
doorway,13
glinting,8
beetle,10
stooping,5
easily,21
frame,6
dropped,55
o,41
yeh,114
journey,27
strode,21
lump,7
squeaked,6
terrified,15
shadowy,9
yer,79
yehve,9
mom,21
breaking,23
entering,14
ah,60
gun,5
knot,5
summat,7
fer,35
taste,11
overcoat,6
slightly,33
squashed,5
box,67
lost,90
introduced,5
rubeu,5
hogwart,156
enormou,18
rubbing,6
stronger,12
drew,53
filled,24
flickering,7
warmth,11
sunk,8
hot,30
bath,7
weight,16
copper,6
kettle,8
sausage,11
teapot,9
mug,5
burnt,5
touch,36
don,31
anymore,16
worry,31
wonderful,32
gulp,7
wiped,9
yehll,6
shrank,5
shadow,50
gettin,9
abou,6
loud,59
wonder,50
thundered,7
jus,11
anger,17
fill,5
cowering,5
growled,14
nothin,8
mark,26
pale,69
sounded,27
bewildered,10
forbid,6
braver,5
him;,6
rage,16
eagerly,26
panic,16
gasp,16
boil,6
wizard,138
whistling,6
sank,34
lower,23
trained,5
mum,26
reckon,15
read:,6
wizardry,13
sore,7
warlock,6
pleased,41
witchcraft,8
please,64
list,28
necessary,23
equipment,5
term,24
begin,36
await,5
minerva,5
exploded,8
firework,9
decide,9
stammered,11
remind,8
cart,31
horse,67
quill,23
tongue,25
teeth,57
scribbled,5
upside,5
clamped,7
beak,10
ashen,5
faced,24
firelight,5
interested,22
folk,10
swore,8
rubbish,12
indeed,60
shrieked,14
frog,21
witch,32
draw,16
wanting,19
married,14
herself,33
blown,7
scuttled,5
outrage,5
kid,8
urgently,9
faded,13
gotta,11
part,71
incredible,7
scared,27
blimey,7
gulped,9
nah,6
spell,50
lookin,6
afraid,46
cause,60
friendly,10
witche,20
safe,54
girl,72
anythin,13
outta,13
village,11
halloween,20
job,30
ordinary,20
powerful,23
evil,35
curse,26
bone,22
remembered,24
cruel,8
sadly,12
ruined,8
load,23
courage,23
glaring,10
fist,16
clenched,7
accept,19
beating,15
wizarding,17
type,7
battered,5
umbrella,13
sword,17
failed,10
breathing,36
vol,7
dunno,14
human,27
die,65
trance,13
couldve,10
weak,31
carry,22
somethin,7
/,7
respect,13
blazing,11
toad,22
lock,34
sorcerer,21
kick,6
quietly,50
ridiculou,8
grow,26
realizing,6
positively,11
beaming,12
grateful,16
wand,190
hogwarts,13
born,26
headmaster,24
am,327
fool,14
teach,14
magic,105
whirled,6
squeal,6
dancing,11
clasped,7
bottom,17
curly,8
poking,9
hole,32
trouser,7
cast,10
temper,11
eyebrow,14
follow,70
keen,11
arent,26
expelled,33
truth,33
third,34
gamekeeper,12
diagon,14
tapping,8
sunlight,14
claw,7
scrambled,10
swelling,6
fluttered,5
attack,58
fiercely,11
pay,13
handful,8
coin,6
knut,6
bronze,6
tied,12
flew,42
puncture,5
learn,47
dyeh,6
didn,6
gringott,33
wouldn,6
goblin,20
yehd,5
rob,6
m,36
proudly,8
followed,73
clear,36
gleamed,5
settled,9
shame,17
row,23
giving,33
speed,30
eager,11
land,37
enchantment,6
dragon,53
vault,23
mile,20
manage,8
daily,12
prophet,9
many,147
ministry,23
page,31
minister,6
corneliu,6
fudge,21
advice,7
main,12
d,22
solution,5
folded,11
clambered,7
station,33
panting,8
train,84
ticket,11
student,81
glove,5
winter,6
copy,16
standard,5
history,21
magical,29
theory,6
guide,11
transfiguration,13
thousand,57
herb,5
potion,79
fantastic,5
beast,14
self,48
protection,7
cauldron,43
scale,10
broomstick,51
aloud,9
stuck,16
barrier,23
slow,11
climbed,26
lined,6
parted,16
music,14
store,7
nowhere,5
sell,6
pile,23
buried,14
sold,11
trusting,5
halt,13
leaky,12
grubby,7
hurrying,20
record,25
shabby,5
women,40
drinking,7
pipe,23
smiled,46
tom,23
peering,12
bl,19
soul,71
honor,13
bar,22
welcome,22
scraping,6
delighted,9
excitement,24
twitching,6
quirrell,112
meet,70
defense,16
art,46
n,18
pick,21
b,10
vampire,35
babble,5
courtyard,14
grinned,11
brilliant,26
experience,30
quivered,7
wider,7
facing,15
archway,6
twisted,19
alley,24
shrink,7
instantly,7
solid,22
brightly,18
stack,8
stirring,7
hanging,39
plump,7
sickle,7
soft,27
screech,7
nimbu,24
selling,6
instrument,6
barrel,5
bat,26
scarlet,21
clever,24
upon,81
enter,26
heed,6
seek,20
treasure,5
warned,16
beware,5
finding,10
marble,22
stool,13
counter,13
examining,10
leading,12
scattering,5
glowing,6
closely,16
chest,21
thirteen,9
handing,10
griphook,12
trusted,8
narrow,24
passageway,18
flaming,9
torche,6
steeply,5
downward,11
railway,5
track,17
difficulty,24
hurtled,7
twisting,7
passage,33
fork,5
impossible,15
rattling,7
plunged,8
deeper,13
lake,14
unlocked,8
smoke,21
heap,9
blinking,5
fortune,10
helped,15
galleon,9
gathering,7
became,53
colder,6
leaned,26
melted,9
sucked,5
check,16
extraordinary,10
fabulou,5
ride,8
pound,7
malkin,7
occasion,20
nervou,31
pinned,10
pin,9
length,15
hello,20
drag,6
broom,65
play,42
quidditch,102
crime,6
slytherin,178
hufflepuff,40
interesting,23
grinning,16
show,71
servant,15
liking,5
savage,5
drunk,6
trie,7
setting,15
slight,10
sneer,8
excuse,19
cheered,6
color,26
wrote,31
soccer,6
played,9
flourish,9
blott,6
cover,20
symbol,6
enemie,10
los,9
circumstance,15
study,44
ingredient,7
fascinating,9
mixture,9
slimy,6
jar,6
root,10
powder,14
feather,25
fang,63
hung,28
unicorn,26
horn,10
checked,6
rustling,8
cage,25
beautiful,34
wing,54
ollivander,20
dusty,11
bell,28
depth,8
strict,7
occurred,12
boxe,48
piled,8
dust,31
shining,16
gloom,20
awkwardly,6
quarter,18
inche,21
willow,8
charm,36
silvery,6
excellent,30
choose,13
reflected,8
misty,8
softly,29
yew,8
oak,15
shuffling,6
added,56
gripped,8
tightly,15
measure,14
elbow,15
phoenix,11
result,19
nostril,16
crumpled,6
snatched,10
higher,17
happier,8
tricky,7
match,47
combination,5
sudden,48
stream,13
spark,11
clapped,20
curiou,20
muttering,19
whose,43
brother,33
named,12
paid,10
laden,7
bite,7
plastic,6
beginning,27
king,22
cros,27
send,54
shell,9
platform,34
hedwig,33
august,29
lift,14
barking,5
bother,7
hospital,32
ruddy,7
removed,12
goe,26
excited,19
trunk,40
talked,14
wheeled,8
built,10
laughing,23
dry,21
attract,5
guard,26
desperate,19
arrival,12
board,27
it;,7
packed,16
pushing,7
boys,7
headed,20
ginny,118
percy,112
marched,14
fred,137
george,120
joking,7
briskly,8
ron,1131
youngest,7
freckle,5
okay,23
trolley,9
steam,12
expr,12
wrought,6
drifted,8
chattering,7
wound,36
carriage,15
search,29
gran,7
neville,146
sigh,10
surrounded,7
lee,16
lifted,26
hairy,11
compartment,12
raise,14
painfully,6
haired,18
panted,10
oy,5
sweaty,8
floating,17
striding,9
badge,9
prefect,38
themselve,55
hang,18
yourselve,8
rubbed,10
hey,6
is,12
whistle,13
waving,19
gathered,17
disappear,11
rounded,8
flashed,5
glanced,12
jordan,16
introduce,5
weasley,250
blurted,5
wish,66
charlie,27
captain,25
deal,39
scabber,15
usel,8
afford,11
impressed,7
brave,40
quick,65
sheep,5
flick,7
corridor,89
sandwiche,9
candy,8
mar,5
flavor,10
bean,9
gum,7
pumpkin,14
mis,92
starving,5
unwrapped,5
forget,49
share,9
eating,17
card,27
considered,7
modern,5
particularly,21
defeat,8
discovery,7
blood,150
partner,9
nicola,14
flamel,26
enjoy,9
chamber,106
astonishment,10
photo,8
amazed,13
tore,9
sprout,33
gras,20
coffee,5
becoming,17
river,27
hill,23
bothered,6
sunshine,14
simple,27
hermione,583
granger,50
stunned,15
extra,14
background,5
rise,24
event,12
century,11
dazed,7
gryffindor,193
ravenclaw,22
romania,6
studying,14
mustve,15
mentioned,14
team,74
explaining,8
position,12
player,18
recognized,13
interest,36
shown,12
extremely,14
crabbe,55
goyle,63
malfoy,350
draco,44
children,21
rub,5
bravely,6
yell,11
lurking,10
among,18
footstep,26
picking,6
bewitched,9
doesnt,31
glared,5
mountain,31
echoed,10
luggage,9
joined,24
familiar,8
firs,6
beamed,11
cmon,9
steep,14
path,28
tree,84
losing,19
bend,9
castle,117
tower,34
fleet,5
shore,10
gliding,7
smooth,9
sailed,6
cliff,25
curtain,16
opening,20
tunnel,20
flight,9
sorting,31
magnificent,5
staircase,33
banquet,6
sorted,6
ceremony,5
classe,17
dormitory,32
produced,8
triumph,7
credit,5
fastened,7
return,43
test,8
hurt,37
anxiously,12
lead,29
doom,11
ghost,48
streamed,6
pearly,7
transparent,5
glided,5
forgive,27
friar,5
peeve,55
answered,52
returned,26
form,32
sandy,6
double,19
imagined,6
splendid,5
candle,22
midair,14
glittering,17
goblet,7
lantern,9
candlelight,6
mainly,5
avoid,15
upward,11
placed,35
legged,5
patched,5
rip,6
pretty,29
judge,6
sleek,5
dwell,5
daring,9
patient,49
wit,7
learning,7
cunning,13
achieve,5
applause,7
song,8
wrestling,5
troll,43
weakly,12
hannah,8
bulstrode,9
millicent,11
unpleasant,8
definitely,12
chosen,12
finch,11
fletchley,11
justin,41
finnigan,15
seamu,36
longbottom,20
amid,5
laughter,19
barely,26
plenty,8
prove,19
doubt,51
earlier,9
properly,14
center,8
turban,14
thoma,16
dean,27
taller,5
uncertainly,7
roast,6
chicken,12
pudding,11
pea,5
deliciou,6
nichola,5
de,22
service,19
headl,42
nick,52
interrupted,15
chat,7
coughed,6
win,21
championship,5
winning,11
bloody,14
baron,9
blank,11
stained,8
arrangement,7
covered,50
remain,30
block,5
pie,5
treacle,10
trifle,5
ankle,11
offered,10
accidentally,7
bounced,7
lesson,44
matche,5
),11
warm,21
sleepy,17
deeply,12
snape,269
awful,31
fed,13
filch,113
caretaker,5
contact,8
hooch,21
frowning,18
sing,8
teachers,6
tune,5
filling,5
bare,10
flie,24
forgot,12
brain,70
singing,12
funeral,12
beyond,26
portrait,29
yawning,7
ahead,40
poltergeist,5
cross,6
dropping,12
armor,10
silk,6
dr,193
password,9
directed,12
spiral,9
poster,13
velvet,5
pajama,8
struggled,9
master,36
classroom,23
doubled,5
pas,52
sweeping,13
vanishing,7
politely,6
basket,7
rug,5
sneak,5
invisible,17
argu,8
break,51
threatening,10
dungeon,27
norri,30
creature,30
bulging,7
toe,7
appear,11
wheezing,5
dearest,15
wednesday,7
movement,27
herbology,14
plant,21
taught,10
binn,20
fallen,25
staff,5
date,17
flitwick,31
changing,10
complicated,5
rare,13
garlic,21
rid,17
believed,12
fought,12
insisted,7
stuffed,10
wherever,10
poured,7
sugar,9
favor,5
homework,18
circling,6
sent,66
paused,33
calling,10
subtle,5
science,12
exact,8
gift,9
effort,42
foolish,9
beauty,14
creep,5
vein,19
speech,10
exchanged,7
curled,7
tut,8
faintest,5
ignoring,7
stretching,7
information,11
draught,8
save,48
poison,10
continued,28
cure,8
whom,47
cloud,41
melt,6
drenched,7
sprang,20
idiot,5
clearing,14
spat,6
add,19
push,9
spirit,37
crossbow,8
frantic,6
booming,5
bark,7
struggling,9
boarhound,6
ham,5
boiling,7
massive,11
letting,8
bounded,5
pouring,8
enjoying,7
rested,5
git,6
cutting,9
continue,5
emptied,5
refuse,7
duel,8
thursday,5
storie,5
narrowly,5
argument,7
exciting,6
prodding,7
west,17
accident,15
tip,8
lecture,5
remembrall,8
quicker,8
sloping,5
lawn,15
twig,8
angle,6
steady,8
rising,12
falling,32
slip,10
thud,11
facedown,5
drift,5
lazily,6
bending,11
streaked,5
hobbled,5
sooner,8
parvati,5
patil,5
sticking,8
nastily,5
hovering,6
branche,16
pounding,7
mounted,5
rush,14
joy,19
grasped,5
motion,5
handle,19
dive,10
dived,16
fault,13
triumphant,5
lasted,7
assistant,6
fifth,6
peeves,5
bin,19
oliver,15
seeker,26
expression,24
delight,9
seriou,17
absolutely,13
natural,8
clue,30
fifty,44
decent,9
severu,10
sternly,12
gaped,5
beater,7
wheeling,5
trophy,11
catching,13
damage,6
throw,26
peace,21
selfish,11
sneering,5
bathrobe,6
dyou,35
norris,7
breathed,10
squinting,12
snout,7
beckoned,7
flitted,5
moonlight,35
shield,5
edged,7
speaking,46
madly,10
petrified,18
suit,15
tripped,5
crashing,7
sprinted,11
pace,9
sanity,8
bellowed,10
nightmare,13
monstrou,7
space,8
rolling,6
rope,15
mistaking,5
growl,6
backward,25
cared,6
monster,54
flushed,10
trapdoor,10
guarding,16
dragged,14
cheerful,20
meantime,9
valuable,6
object,10
further,37
slightest,5
attention,23
contain,6
session,5
sixty,8
league,7
obviou,10
confusion,6
stolen,8
reward,7
us,22
bolted,6
stadium,9
pole,7
hoop,8
goal,13
crate,12
sized,9
chaser,15
quaffle,20
score,8
club,18
bludger,59
straining,6
protect,15
jaw,13
member,6
fourth,12
compared,6
fluttering,5
snitch,31
understood,19
england,10
dying,20
spoken,26
practicing,5
sending,16
gown,7
glimpse,10
startled,13
girls,11
awkward,5
decoration,5
helping,13
terror,36
slumped,11
dormitorie,7
immediately,18
deserted,20
view,40
fading,6
foul,25
emerged,11
patch,11
yes,19
choice,13
shrinking,6
desperately,14
seizing,5
hesitated,8
lifting,5
ugly,15
shouting,13
driving,11
tremble,7
bursting,8
rear,5
fury,18
swift,7
lie,48
fetch,6
disappointed,7
admitted,5
noisy,5
november,13
chilled,5
steel,5
fur,10
begun,16
weapon,14
them;,7
saved,20
yard,22
unfortunately,8
guilty,7
restl,5
staffroom,11
ajar,8
scene,23
blasted,5
breathlessly,8
buzzing,6
fried,5
strength,43
pitch,12
binocular,7
fan,9
drawing,18
performed,5
paint,6
locker,11
men,136
angelina,7
johnson,5
marcu,7
flint,25
flashing,7
blast,7
fifteen,5
alicia,6
spinnet,6
gain,7
pucey,5
blocked,7
possession,13
moan,6
bein,6
raising,16
speck,8
attacked,23
reflection,14
weasleys,5
streak,5
yelling,7
disgusting,7
spinning,7
frightening,5
direct,6
violent,9
passe,6
cheering,10
jerking,5
interfere,5
flame,35
yelp,5
sobbing,8
ended,8
fluffy,32
hotly,5
concern,9
aha,6
erised,7
snow,51
froze,7
battle,9
health,12
bitter,16
mist,28
fish,8
disgusted,6
jealou,6
signed,22
roughly,8
smirking,7
treat,6
towering,7
hint,13
ourselve,27
searching,8
recent,11
title,9
wandered,5
restricted,10
section,14
advanced,13
pince,9
hearing,12
itd,7
english,15
teaching,8
ch,13
figure,46
alive,35
grandfather,5
chessmen,8
knight,11
merry,5
flute,6
contained,8
message,22
torn,12
gleaming,17
fold,5
material,8
invisibility,25
suspended,6
signature,5
flung,17
f,8
lovely,11
rich,8
party,25
feeble,10
turkey,6
redder,5
wine,10
kissing,5
lopsided,5
non,6
suspected,7
whoever,8
stepping,6
separated,5
language,12
shriek,6
recognize,7
replied,26
carved,9
touching,8
distant,18
feared,27
moaning,30
discussion,7
discovered,13
desire,14
knowledge,38
prepared,20
insist,6
pillow,16
personal,8
convinced,9
disappointment,5
endl,13
replaced,5
muddy,6
mud,10
climb,5
urged,7
easier,6
choked,12
chose,6
dashing,7
effect,33
ancient,14
concerned,10
pure,15
elixir,5
centurie,10
existence,6
lover,10
werewolf,10
calm,31
torture,6
grim,26
using,19
pressure,6
capture,5
broadly,6
fixedly,5
howled,10
anxiety,11
leaping,5
whirl,12
nearby,6
brooding,5
jc,9
circle,13
enemy,15
norbert,27
paler,5
pr,8
schedule,9
exam,24
crazy,7
whatre,13
suspiciou,12
st,12
thoughtfully,9
law,18
refused,5
bush,8
guarded,7
honest,6
doin,5
pleasure,19
breathe,10
feed,9
ridge,5
greeted,6
clicking,15
stroke,5
love,88
shade,7
state,31
sweat,6
hoarse,8
stage,11
arriving,5
lonely,9
heaved,7
detention,15
thanked,10
loomed,5
creeping,7
likely,8
receive,7
especially,11
ashamed,7
comfort,34
dawn,32
hero,7
longing,6
suffering,6
misery,9
due,12
resolution,9
unexpected,7
spring,8
proof,16
sacked,5
delivered,8
pity,25
chain,14
werewolve,7
arrow,6
winding,7
inter,6
killing,9
listened,13
grimly,9
ronan,20
centaur,14
sorrowful,5
loose,13
innocent,6
victim,10
bow,19
bane,15
injured,10
mostly,5
sharper,7
thicker,7
lowered,13
pierced,5
livid,6
firenze,19
alongside,8
inch,13
cursed,10
clung,9
examine,13
shivering,10
branch,8
exhausted,11
dance,10
fret,7
answering,7
invented,5
betray,5
re,24
slope,7
horrified,9
urgent,5
caution,6
suspicion,13
assured,14
freedom,9
hurriedly,8
waste,9
rigid,6
motionl,6
ceased,8
approached,12
ring,17
landing,13
struggle,9
devil,24
snare,5
bodie,10
gentle,8
drip,5
fully,20
soaring,5
squinted,5
fashioned,6
midst,14
darted,5
bishop,5
smashed,9
mercy,13
limp,6
larger,5
instant,43
safety,15
dwarf,11
logic,7
puzzle,6
friendship,5
bravery,5
flooding,6
suspect,6
frighten,11
instruction,10
traveled,5
served,6
slit,5
mere,9
willing,10
faithful,10
vain,7
seize,7
lunged,5
agony,9
cannot,81
palm,7
perform,5
deadly,18
instinct,7
grasp,6
blackn,7
naturally,12
distracted,5
prevent,8
blankly,5
affair,18
truly,13
delayed,5
merely,10
therefore,22
treated,11
beg,6
loved,28
marked,14
unlike,5
otherwise,10
youth,6
toffee,9
alas,18
nurse,7
resting,5
stopping,10
grief,10
fix,5
serpent,16
hush,12
fortunately,13
account,22
dish,5
award,15
gradually,6
erupted,5
grade,5
wardrobe,5
gate,12
gateway,8
squealed,7
manner,33
spreading,7
heartily,5
sentence,5
fresh,25
unhappy,11
cabin,10
survived,8
escaped,11
understanding,6
meaning,13
career,5
mason,15
sealed,9
bench,7
exist,7
countl,5
underage,7
dung,5
enjoyed,8
ruin,5
former,8
suspiciously,6
chuck,5
washed,6
blazed,7
flower,25
aching,5
pitiful,5
supper,16
dobby,152
pillowcase,7
pitched,5
elf,28
particular,8
equal,10
serve,9
wail,8
humble,6
hoarsely,11
knive,6
w,9
mortal,9
peril,8
grabbing,7
hastily,10
height,8
closet,6
whip,9
disturbed,11
banshee,5
lunatic,23
support,6
gleam,10
daresay,7
expel,5
vegetable,5
tray,7
burrow,6
turquoise,5
official,7
passenger,10
drawer,9
permission,10
luciu,28
sensitive,5
ghoul,8
gnome,17
manor,5
errol,8
dashboard,5
department,5
windshield,6
horizon,10
east,27
rusty,10
greenish,6
marching,5
tiger,7
cowered,5
arthur,135
softened,5
knife,16
lockhart,235
gilderoy,38
household,5
winking,7
woe,9
fishing,8
dizzy,9
weakn,8
travel,19
worn,14
biting,6
questioning,7
admit,10
instance,7
molly,6
weird,10
shirt,6
clatter,5
voyage,9
blushing,5
remaining,9
flown,5
puzzled,15
connected,6
guest,6
floo,10
pinch,5
dipped,7
soot,5
scattered,6
ash,5
dimly,9
cabinet,10
display,5
regard,7
borgin,18
command,14
loving,12
sale,5
entirely,12
knockturn,5
ashe,12
brush,6
flesh,16
swinging,6
wrung,7
dreadful,27
content,11
vaguely,5
strolled,5
filibuster,6
heat,6
copie,5
number:number,16
ladie,8
seated,7
gentlemen,6
charge,10
pride,8
entire,9
fright,8
example,5
whomping,8
spare,6
diary,151
previou,8
blaze,5
cautiously,6
remained,20
serie,6
popping,8
mas,18
pressing,7
north,13
regular,7
juice,5
shudder,16
gripping,6
attacking,6
limb,5
dent,5
creaking,11
scratched,5
steaming,5
snort,5
crossing,10
placing,5
decision,6
arrive,23
echoing,10
impression,6
issue,5
noon,18
police,10
considerable,9
grave,39
beaten,7
seriousn,5
canceled,5
nature,30
jug,7
oil,5
circular,6
amazing,5
rushing,12
unconsciou,10
howler,6
till,128
crimson,5
inquiry,10
doctor,31
charming,7
hearty,8
mandrake,21
fatal,9
remove,6
lung,6
pot,10
crackling,5
aware,6
colin,45
creevey,16
slide,9
phrase,8
chapter,22
range,5
harm,22
whilst,84
pixie,11
proceeded,9
mudblood,11
thrill,5
gazing,8
fellow,56
owing,5
final,9
suffered,13
spitting,5
polished,5
sweep,13
almighty,5
somewhat,34
brightened,5
basin,6
rooster,12
emerging,5
brow,11
abruptly,6
chin,10
chill,11
satisfied,21
slime,7
deathday,7
october,43
troubled,6
importance,6
apparently,7
tone,27
wishe,22
patrick,11
backing,5
avoided,7
detail,13
distr,5
distract,5
completed,6
kwikspell,12
method,7
recipe,5
succeeded,5
attend,13
keenly,9
dim,11
ghostly,6
orchestra,5
myrtle,67
tombstone,7
sweetly,11
fled,9
sorrow,16
action,25
phantom,5
heir,30
tense,9
similar,7
variou,13
murder,8
squib,9
privilege,8
evidence,13
hesitation,5
attacker,5
fate,6
response,6
routine,5
tale,6
salazar,10
tide,15
secrets,6
thread,5
impulse,6
stall,14
flapping,9
thoroughly,5
conversation,13
closing,17
polyjuice,11
thu,20
immensely,5
warmly,5
hesitate,5
intense,8
pre,14
emotion,9
leaden,8
signal,7
twirling,5
rough,11
bedside,10
deed,10
dressing,8
dueling,10
settle,6
forth,9
trade,6
fearful,10
swell,5
restore,9
arranged,12
stir,8
gather,9
amongst,26
inclined,7
vague,10
macmillan,5
strike,12
allow,8
exposed,5
parselmouth,5
parseltongue,11
operation,16
sake,27
ernie,27
solemnly,18
trace,24
restored,10
evidently,45
dread,22
pet,11
fawke,24
hitherto,8
rate,18
descended,6
duty,38
pardon,13
motioned,12
peter,6
governor,9
accurate,8
azkaban,9
ho,6
hurled,5
greatly,8
hysterical,5
lookout,5
flood,7
riddle,136
shine,7
alert,5
culprit,6
memorie,15
lurid,5
overcome,6
valentine,6
dippet,10
june,13
widening,5
sunset,43
orphanage,5
safer,5
stock,5
pincer,8
anybody,6
retired,5
thorough,5
distressed,6
confidence,14
apology,5
aragog,20
bloom,6
attempt,10
general,13
blind,19
summoned,5
studied,7
solved,5
proved,12
frankly,8
prepare,6
scheme,6
task,36
basilisk,32
suffer,11
recall,6
rein,11
terribly,12
description,6
curve,5
tingling,5
dreaded,8
pillar,12
pleasantly,5
guessed,6
farewell,5
fawkes,5
r,7
instinctively,11
en,9
intended,8
freely,13
greater,12
bistritz,7
buda,5
pesth,6
ifeared,6
correct,7
danube,9
(mem,6
mina,198
al,9
german,5
don't,71
disposal,5
ihad,13
regarding,15
transylvania,13
bukovina,7
dracula,23
dis,10
south,19
iam,16
latter,16
claim,6
hun,6
carpathian,5
thecount,18
queer,6
wasa,9
soundly,7
alittle,6
inthe,28
peasant,7
slovak,19
withtheir,5
moustache,5
frontier,5
borgo,10
andit,5
war,8
ing,100
disease,9
thedoor,12
jonathan,150
harker,102
ly,20
fromthe,12
ed,39
thatshe,5
didnot,12
andthat,12
engaged,8
wasin,5
evident,15
fore,15
com,5
icould,34
gravely,14
church,16
mother',11
coach,11
crucifix,15
notknow,5
lest,32
dined,5
driver,24
andthen,8
inn,5
pleasant,5
ofthe,43
thewhole,5
anda,6
witha,13
differ,5
iti,16
withthe,8
colour,5
peak,5
andthere,16
mighty,7
companion,11
god',23
devotion,7
tohave,6
masse,10
leiter,5
wagon,5
valley,8
solemn,11
grey,9
andto,8
faith,10
blessing,7
gladn,8
itwa,20
caleche,5
agreat,7
myfriend,7
ina,9
deceive,8
hisface,11
mein,6
ishould,8
ofsome,5
intention,5
delay,13
mea,5
suspense,5
strain,13
wolve,37
affected,6
accustomed,7
roadway,5
shelter,7
asthe,7
tookhi,5
dreaming,7
formed,8
altogether,14
ifelt,5
aid,16
approach,5
trap,7
sothat,12
period,5
harker',44
journal,46
hadbeen,11
con,17
vice,8
e,5
purchase,10
solicitor,10
successful,6
conclusion,10
gesture,6
hishand,9
happin,11
thenight,8
hewa,15
nay,30
available,5
rejoiced,7
log,5
count',35
courteou,6
intothe,8
andsaid,5
pray,17
hawkin,19
sufficient,6
energy,11
disposition,5
manhood,6
degree,6
cigar,5
opportunity,16
tothe,18
god,133
awoke,8
accord,6
ex,12
wealth,5
thatit,9
immense,5
havebeen,11
court,7
andi,19
o'clock,40
ilooked,6
custom,7
agent,14
exeter,14
estate,5
generally,7
un,42
turk,6
therei,6
hungarian,5
thehouse,8
andthe,26
neighborhood,6
habit,18
required,7
carfax,17
havetaken,5
asylum,13
chapel,16
gaiety,5
weary,6
presently,12
whitby,37
onhi,5
ting,5
experienced,7
therewa,17
iwa,8
itmay,5
man',26
thewindow,13
onthe,19
describe,7
prisoner,6
conviction,7
ithink,5
helpl,7
heha,8
doubtl,13
motive,5
iknow,8
strait,13
laying,7
ifhe,6
whichi,8
race,8
bore,7
intent,11
',43
observation,5
ship,55
ease,10
wasthat,5
shorthand,6
billington,6
crescent,5
varna,23
&,17
todo,9
couldnot,5
mustbe,5
examination,6
pen,6
sane,16
ful,6
madn,8
toget,5
etc,8
thetime,7
thecount',5
breast,20
composed,5
musthave,5
theother,12
toknow,5
voluptuou,8
thesame,6
sweetn,9
ofmy,5
one',8
consciou,9
presence,14
passion,10
demon,5
wire,10
oneof,6
amoment,5
surmise,9
occur,8
manifest,5
withhi,5
szgany,10
mina',15
ihave,18
tohi,7
inhi,7
whence,5
isa,5
awakened,7
maynot,5
tosay,8
despair,10
awhile,9
henceforth,5
bythe,15
thathe,10
fora,8
asthey,9
theplace,6
hereafter,8
goodbye,17
tion,24
forthe,9
imust,6
manifestly,9
coffin,36
pallor,9
ment,9
destroy,16
wouldhave,7
atonce,9
iknew,6
methat,8
tobe,11
ishall,23
throughthe,6
eagern,5
sought,5
trickled,5
horrid,11
thelast,7
entry,11
lucy,205
jonathan',13
typewriter,9
hei,6
abroad,5
diarie,6
westenra,32
asto,5
holmwood,14
andhe,8
resolute,9
couldn't,11
sympathy,11
pro,24
ifi,5
john,67
seward,76
brute,8
woman',5
can't,21
youare,7
sucha,8
doesn't,8
morri,61
ain't,9
won't,12
wasn't,9
earnest,16
i'll,12
that',17
it',14
anyhow,15
hesaid,13
thereare,5
seward',44
appetite,6
thatthe,12
renfield,31
unselfish,5
quincey,66
jack,14
he',7
andwe,6
inall,6
telegram,25
murray',6
harbour,22
bay,6
churchyard,23
sand,7
sailor,5
abbey,8
wouldn't,12
buti,9
an',52
wehad,6
o',9
nigh,5
sacred,17
swale,5
idid,5
tomb,33
didn't,21
i've,5
there',5
jona,13
theroom,8
notebook,5
haveto,5
kitten,7
request,5
homicidal,5
implored,5
grace,5
attendant,31
belief,17
vital,6
lucy',59
autumn,5
godalming,72
thatwe,10
i'm,11
myown,7
comin',8
tome,13
blessed,10
coastguard,7
russian,5
sail,20
schooner,5
seemingly,17
ignorance,5
nature',5
upthe,5
fog,26
ofdeath,5
wreath,8
searchlight,6
port,18
terr,5
ible,8
pall,6
helm,6
deck,14
tate,5
property,6
needl,6
inquest,5
cargo,5
consul,9
kindn,10
atthe,5
concealment,5
statement,5
crew,9
mate,24
yield,7
haggard,5
ghastly,13
madman,12
weaker,6
backto,7
physical,5
expectation,5
seemedto,8
obedience,6
weshould,6
ithought,5
shewa,7
soi,8
agood,5
arthur',11
thati,13
fever,8
thatyou,7
illn,9
madmen,8
whenhe,6
renfield',9
tohim,5
afar,5
waistcoat,6
`i,5
fori,5
pose,6
husband',10
whither,6
tellyou,5
condition,16
beganto,8
influence,6
weshall,5
westenra',6
hillingham,6
tosee,5
consult,8
septembermy,6
mental,7
helsing,254
amsterdam,12
area,5
arrange,7
thepatient,5
telegraph,6
andher,5
infinite,6
reality,7
maid,13
hewould,6
friendjohn,6
corn,6
hus,5
described,5
phase,5
spiritual,6
helsing',15
thisi,5
transfusion,7
professor',15
hel,8
havedone,5
fessor,10
waked,10
apparent,5
inher,8
goodnight,5
corpse,5
attended,5
reaction,5
saidto,5
vanhelsing,24
allthe,8
theprofessor,10
sion,8
operate,5
gazette,6
wolf,22
afore,5
bloomin',6
`ere,5
consider,5
guv'nor,6
bersicker,6
rail,5
sovereign,5
hehad,10
phonograph,15
memorandum,5
mydear,6
cab,5
relapse,5
shutter,5
toher,7
thefirst,5
thinkthat,5
smollet,5
walworth,6
whiter,5
stertorou,5
possibility,5
summon,5
kneeling,6
thenhe,5
cont,5
limitation,5
proceed,6
asthough,7
piccadilly,19
wewere,5
denied,6
holy,11
hampstead,5
ere,5
westminster,5
typewritten,5
tenderly,5
des,6
letme,5
andso,5
inthat,5
stake,18
consent,5
dishonor,5
wafer,9
unclean,7
youwill,5
madammina,7
blush,5
justa,5
utmost,6
wehave,6
weare,5
fox,5
mrmorri,5
sterilize,6
lordgodalming,5
'ere,5
lair,9
active,5
mitchell,5
souls,5
undead,10
cen,5
hypnotize,7
lapping,5
czarina,9
catherine,13
polyglot,5
hypnotic,13
winchester,7
galatz,16
criminal,9
wi',6
skinsky,11
sereth,5
fundu,5
bistritza,5
launch,9
veresti,5
gypsie,7
